200,true,Default,default.css,default-theme-button
200,false,Green,green.css,green-theme-button
200,false,Dark,dark.css,dark-theme-button
200,false,Default,default.css,default-theme-button
200,true,Green,green.css,green-theme-button
200,true,Dark,dark.css,dark-theme-button
200,true,Default,default.css,default-theme-button
200,false,Green,green.css,green-theme-button
200,false,Dark,dark.css,dark-theme-button
200,false,Default,default.css,default-theme-button
200,true,Green,green.css,green-theme-button
200,false,Dark,dark.css,dark-theme-button
200,false,Default,default.css,default-theme-button
200,true,Green,green.css,green-theme-button
200,false,Dark,dark.css,dark-theme-button
200,false,Default,default.css,default-theme-button
200,true,Green,green.css,green-theme-button
200,false,Dark,dark.css,dark-theme-button
200,true,Default,default.css,default-theme-button
200,false,Green,green.css,green-theme-button
200,false,Dark,dark.css,dark-theme-button
200,true,Default,default.css,default-theme-button
200,false,Green,green.css,green-theme-button
200,false,Dark,dark.css,dark-theme-button
200,true,Default,default.css,default-theme-button
200,false,Green,green.css,green-theme-button
200,false,Dark,dark.css,dark-theme-button




